K,cv_accuracy,cv_accuracy_std,cv_f1_macro,thoi_gian_fit_s,ty_le_giam_chieu
2,0.49846226486858713,0.03627398772002174,0.4601008212067804,0.20555582046508789,0.9964349376114082
5,0.7896014533574666,0.038347208109438875,0.7737585740569535,0.2180224895477295,0.9910873440285205
10,0.8298236844116007,0.051381058834305035,0.8217228606718102,0.23808679580688477,0.982174688057041
15,0.8583875177146488,0.04615019298233938,0.8568036579138063,0.2613152027130127,0.9732620320855615
20,0.8721835853971461,0.047347174182345665,0.8713937907933073,0.2763944625854492,0.964349376114082
25,0.8761106970768878,0.05113403381474477,0.8754584501369582,0.2898738384246826,0.9554367201426025
30,0.8784121127040574,0.0514730322293336,0.877285096763847,0.3250123023986816,0.946524064171123
40,0.886017154300067,0.04808097358365073,0.8851616062818076,0.3972361087799072,0.928698752228164
50,0.8956903879538286,0.0489978656734772,0.8952731941976328,0.44039182662963866,0.910873440285205
60,0.9015692055157805,0.04608195591502006,0.9022022423507983,0.44029932022094725,0.893048128342246
75,0.9038333120346014,0.04691918359427611,0.9035684634324171,0.5932758331298829,0.8663101604278075
100,0.9132945444516057,0.040625628574287934,0.9115392278348899,0.7680407047271729,0.82174688057041
125,0.9146306000130402,0.039203933323341246,0.9120221488033551,1.1597103118896483,0.7771836007130125
150,0.9111787187759524,0.04223531510911317,0.9094964429712447,2.4304071426391602,0.732620320855615
175,0.9160718165089193,0.04244131797053883,0.9152575110538438,3.29805703163147,0.6880570409982174
200,0.9229217877652902,0.0329342190550743,0.9218419996624572,4.999661016464233,0.64349376114082
250,0.9262059194391247,0.037073145638997565,0.9250012460590564,6.439124298095703,0.554367201426025
300,0.927288184726957,0.03498908266442931,0.9268131574171493,7.3198089599609375,0.4652406417112299
400,0.9294709285209313,0.03743360790270949,0.9288942461629744,9.371855354309082,0.28698752228163993
561,0.9304359903966797,0.037146893035986166,0.9300261664137164,13.440139532089233,0.0
