K,MSE_train,MSE_test
2,0.4263814744190082,0.39168577246051933
5,0.3543947290694278,0.3387089927807668
10,0.2918443124130923,0.28804295657647955
15,0.25482449003494934,0.2541501814720151
20,0.22625352393213172,0.22668907735928115
25,0.20240523088111298,0.20489270945614446
30,0.1822040458271452,0.18660554825544118
40,0.1496892917963872,0.15570677089638896
50,0.1248163641683371,0.13244796529960354
60,0.10481481943925766,0.11371047680456078
75,0.08045218035588576,0.08920969737986909
100,0.051084960062028666,0.05783615383385748
125,0.0317265456443388,0.036549828685279
150,0.018946266650281884,0.023060769845695623
175,0.010700575852151456,0.013542067640166343
200,0.006363887061423709,0.008047198025733783
250,0.0024950040399151726,0.003204475829726145
300,0.0009012385141716988,0.0012150968176673131
400,2.6536734185693846e-05,4.680661190746355e-05
